,0.0,0.01,0.02,0.03,0.04,0.05,0.06,0.07,0.08,0.09,0.1,0.11,0.12,0.13,0.14,0.15,0.16,0.17,0.18,0.19,0.2,0.21,0.22,0.23,0.24,0.25,0.26,0.27,0.28,0.29,0.3,0.31,0.32,0.33,0.34,0.35,0.36,0.37,0.38,0.39,0.4,0.41,0.42,0.43,0.44,0.45,0.46,0.47,0.48,0.49,0.5,0.51,0.52,0.53,0.54,0.55,0.56,0.57,0.58,0.59,0.6,0.61,0.62,0.63,0.64,0.65,0.66,0.67,0.68,0.69,0.7,0.71,0.72,0.73,0.74,0.75,0.76,0.77,0.78,0.79,0.8,0.81,0.82,0.83,0.84,0.85,0.86,0.87,0.88,0.89,0.9,0.91,0.92,0.93,0.94,0.95,0.96,0.97,0.98,0.99
0.0,1.0,1.0,1.0,1.0,1.375,1.75,1.125,1.5,1.5,1.625,2.75,1.875,1.875,2.0,2.0,2.0,2.125,2.875,2.125,2.5,2.5,2.125,3.5,2.5,2.0,2.625,4.5,3.5,3.0,4.375,4.875,4.125,4.875,5.75,4.375,5.5,5.875,5.0,4.75,5.375,5.625,7.625,6.5,6.5,6.375,6.625,7.5,7.875,7.875,8.625,7.875,7.875,7.875,10.0,8.875,10.75,10.75,10.75,10.625,13.875,11.0,10.125,15.75,14.25,15.25,13.5,16.25,16.125,16.0,17.5,22.75,20.25,19.375,20.5,24.375,25.5,25.75,27.625,35.5,31.125,34.0,35.25,41.25,44.5,44.625,46.0,59.875,57.75,65.625,70.625,83.125,90.25,104.375,114.75,139.25,155.875,181.625,250.75,332.375,450.625
0.01,1.0,1.0,1.125,1.125,1.0,1.625,1.75,1.625,1.25,1.375,1.25,2.375,1.375,2.125,2.125,1.625,2.25,3.25,2.75,2.875,2.625,3.0,2.875,2.125,3.0,3.0,3.625,3.5,4.375,4.0,3.25,4.375,4.75,4.0,4.25,4.5,5.125,5.625,4.25,6.375,6.125,5.75,6.375,6.375,7.125,6.5,8.875,7.25,7.5,8.125,8.25,8.875,10.0,8.5,9.75,11.0,10.125,10.625,11.625,12.125,12.625,12.0,13.5,13.875,15.375,16.125,19.375,17.75,16.625,16.375,18.375,20.875,18.625,19.75,24.75,27.375,29.0,26.625,28.5,34.25,32.75,32.75,37.25,40.75,46.375,47.25,48.375,57.25,67.875,70.25,84.375,85.125,111.875,121.875,141.375,144.75,200.5,240.875,278.875,466.875
0.02,1.0,1.25,1.25,1.125,1.25,1.5,1.25,1.25,1.375,1.625,1.625,2.375,1.75,2.25,2.25,2.25,2.625,2.75,2.625,2.0,2.875,3.375,1.875,3.125,2.75,2.875,4.25,4.125,4.5,4.375,4.375,4.0,4.125,5.25,6.125,5.25,5.75,4.375,5.125,4.625,5.375,5.625,5.875,8.0,7.125,7.125,6.0,7.375,7.5,8.25,8.0,8.375,11.125,10.75,7.125,9.25,10.375,11.25,12.25,13.5,11.875,11.5,14.125,12.75,15.75,15.5,12.75,15.875,15.625,17.125,19.5,21.375,18.75,21.625,23.5,25.25,24.625,28.25,30.625,29.5,34.375,37.375,37.5,39.625,44.25,44.75,54.25,52.5,68.125,68.75,75.25,88.625,106.875,131.375,136.0,167.0,206.25,231.875,323.0,457.625
0.03,1.0,1.0,1.25,1.0,1.625,1.625,1.125,1.25,1.625,1.5,1.625,1.375,2.875,2.375,2.0,2.625,3.0,2.25,1.375,2.125,2.5,2.25,2.875,3.125,3.375,3.125,2.5,3.25,4.0,5.0,4.125,5.375,3.375,5.125,4.75,6.125,6.125,6.75,6.5,5.5,7.375,7.25,4.25,6.875,6.0,7.125,8.375,6.875,8.0,6.75,8.375,8.25,8.125,9.625,9.25,9.375,8.75,12.375,11.5,12.5,12.625,11.75,12.75,14.25,14.875,13.5,15.25,17.125,20.125,16.375,18.75,19.375,22.0,23.75,23.375,24.875,27.875,25.75,31.0,29.5,30.875,33.25,35.625,37.125,44.375,39.125,49.25,64.625,66.75,65.75,82.625,88.625,92.125,108.75,126.25,154.625,167.5,239.75,314.875,443.875
0.04,1.0,1.0,1.375,1.0,1.375,1.25,1.625,1.125,1.125,1.75,1.625,1.5,1.75,2.0,1.75,2.0,3.125,3.125,3.0,2.125,2.875,3.5,1.75,3.75,2.5,3.0,4.125,3.25,4.875,4.0,3.625,5.375,3.875,4.25,3.375,5.375,4.125,4.375,5.875,4.125,4.625,6.0,5.875,5.25,6.125,5.125,7.625,7.125,7.625,6.5,7.0,8.375,8.875,10.25,9.375,9.625,10.75,12.0,11.5,11.375,11.375,12.375,12.375,13.5,14.125,11.625,13.625,16.125,15.625,16.0,20.125,20.75,18.875,19.625,25.0,25.0,24.375,29.25,25.5,31.875,33.375,41.125,40.125,40.375,41.0,49.875,48.5,60.0,61.375,71.25,79.375,83.875,90.625,105.875,144.375,150.0,185.25,216.875,316.25,459.5
0.05,1.0,1.0,1.0,1.0,1.125,1.625,1.375,1.625,1.875,2.375,1.375,1.625,1.75,1.75,2.0,2.0,1.875,2.125,2.625,2.75,2.75,1.875,2.875,2.375,3.5,3.0,3.75,3.375,3.25,4.5,5.125,4.375,5.25,3.375,4.625,5.125,4.5,5.875,3.75,6.5,5.125,6.0,6.875,5.875,6.5,5.875,7.75,6.875,8.75,7.375,6.875,9.875,8.0,9.0,8.625,10.75,8.25,8.75,12.125,12.25,12.375,12.625,11.0,10.875,14.5,14.0,13.25,16.5,14.125,18.625,16.125,19.375,20.875,21.875,20.375,23.75,23.625,26.25,28.625,30.0,26.5,37.5,33.625,36.5,44.75,42.5,57.375,58.125,62.75,68.0,79.75,81.0,93.625,113.0,128.375,143.25,219.875,227.625,328.375,439.125
0.06,1.0,1.0,1.125,1.0,1.125,1.875,1.375,1.375,1.25,1.5,1.875,1.5,2.625,1.25,1.75,1.5,2.0,1.75,2.625,4.25,2.875,2.75,3.625,2.5,1.75,2.875,3.125,3.125,3.75,4.0,3.875,5.25,4.75,4.375,4.25,4.375,5.5,6.0,5.625,5.375,5.625,6.25,5.25,5.875,6.5,7.25,6.5,5.75,7.875,8.875,8.0,6.875,7.25,9.25,9.0,10.0,8.625,7.5,8.25,12.625,11.0,9.875,13.25,13.625,15.375,15.875,16.875,17.0,14.875,18.0,17.25,18.0,19.625,21.25,22.5,22.875,24.375,24.875,28.0,29.75,33.25,31.875,39.375,36.875,50.5,46.875,54.125,50.5,64.75,73.375,78.125,87.5,107.625,109.25,122.5,141.125,195.5,238.625,311.125,463.0
0.07,1.0,1.25,1.25,1.125,1.375,1.25,1.75,1.5,1.25,1.625,1.5,1.75,1.875,2.625,2.125,2.5,2.125,2.625,2.0,1.75,2.5,3.0,2.75,2.375,3.0,2.875,2.875,3.625,3.75,4.625,4.375,3.375,3.875,3.875,4.0,4.5,4.5,4.75,4.875,6.0,7.0,5.375,5.0,6.75,7.875,7.625,7.125,7.625,8.75,8.375,7.25,9.375,8.75,8.625,9.875,9.25,10.0,10.25,9.625,10.125,11.75,12.75,12.875,13.125,13.125,14.625,15.125,15.75,16.625,16.125,19.625,20.5,19.25,21.75,21.375,22.75,23.625,29.125,27.125,27.5,32.625,34.875,37.125,38.375,49.875,43.625,54.0,54.75,62.25,63.5,80.25,93.875,100.5,100.0,120.375,149.5,177.875,232.0,295.75,425.375
0.08,1.0,1.0,1.125,1.0,1.125,1.0,1.25,1.875,1.375,1.75,1.625,1.5,1.375,1.875,2.375,1.75,2.5,2.5,2.75,2.25,2.5,3.125,2.875,3.5,2.875,3.0,3.5,3.875,3.875,3.625,4.75,3.75,3.5,4.875,4.5,5.75,4.125,5.0,6.0,4.125,6.875,5.75,6.625,6.0,6.125,7.5,7.375,5.625,7.875,7.875,8.875,7.375,8.375,7.875,9.25,7.25,8.875,9.125,9.5,11.125,9.375,11.75,10.5,12.125,12.75,13.375,13.875,15.125,16.25,13.875,13.5,15.25,18.5,21.25,20.75,24.25,26.0,25.0,27.0,30.875,32.875,35.0,39.0,38.875,39.75,48.375,51.25,57.25,54.75,62.125,75.25,78.75,100.5,109.5,140.375,141.625,179.125,245.375,301.375,447.125
0.09,1.0,1.0,1.0,1.0,1.125,1.625,1.875,1.5,1.75,1.25,1.75,1.75,1.625,2.125,2.375,1.875,1.875,1.875,3.125,2.375,1.875,3.0,2.875,2.75,2.75,3.5,3.25,3.875,4.0,4.25,3.375,6.0,4.125,4.0,4.0,4.75,4.875,5.125,5.375,5.125,5.875,5.375,5.125,7.0,6.75,6.375,7.375,6.25,6.375,7.625,7.5,9.375,7.5,8.625,7.75,7.25,8.5,7.875,9.5,9.0,12.0,9.875,12.5,14.375,12.125,16.0,12.75,15.5,15.75,15.125,17.25,21.0,17.875,18.5,23.625,22.875,26.25,25.25,24.375,28.0,30.375,33.375,38.375,34.625,44.25,48.875,46.25,47.25,64.375,71.875,81.75,78.5,93.25,106.75,111.875,145.625,182.375,219.0,288.625,397.75
0.1,1.0,1.0,1.0,1.25,1.0,1.0,1.125,1.5,1.375,2.375,2.125,1.875,2.125,2.0,1.75,2.375,1.875,1.375,2.25,2.25,2.875,2.875,2.75,2.75,3.5,2.625,3.0,3.75,3.0,3.5,3.125,3.875,4.875,4.75,3.375,3.5,5.25,4.125,5.875,3.5,6.0,6.5,5.875,6.0,6.75,7.75,6.25,5.875,6.0,5.125,7.125,8.125,7.375,8.25,9.875,10.125,8.25,8.125,10.0,9.75,11.0,11.25,13.0,13.0,14.125,14.5,13.5,14.5,16.25,16.375,18.0,17.75,19.625,18.375,21.125,20.75,19.625,26.0,26.0,30.625,30.75,32.625,37.625,40.625,38.875,43.25,48.125,57.125,57.875,59.0,75.375,83.5,88.75,109.375,113.5,157.125,174.75,219.0,243.75,394.625
0.11,1.0,1.0,1.375,1.375,1.25,1.125,1.0,1.125,1.5,1.5,1.5,1.5,2.0,1.5,1.75,1.75,2.25,1.875,2.0,3.125,2.375,2.625,2.125,2.625,4.0,2.875,4.125,3.25,3.5,2.625,3.5,4.75,3.0,3.75,4.25,4.25,4.125,4.0,4.375,6.75,5.75,4.875,5.125,7.375,6.0,6.125,6.0,7.25,7.375,6.875,5.875,8.875,7.5,8.875,9.0,9.5,9.25,10.25,7.875,9.875,9.5,11.375,12.625,12.375,12.625,10.75,15.5,15.25,14.5,15.75,17.125,16.375,19.375,21.125,22.25,22.375,24.375,24.375,24.875,34.125,28.25,37.375,33.625,37.375,42.625,43.5,53.375,53.0,52.75,60.375,63.875,80.375,102.0,99.5,133.75,146.875,166.375,197.875,239.875,429.0
0.12,1.0,1.25,1.375,1.125,1.0,1.5,1.125,1.75,1.375,1.625,1.625,1.875,2.125,2.125,2.375,2.0,1.875,2.0,2.625,3.0,1.875,2.25,2.125,2.875,2.875,3.125,3.875,2.375,2.875,4.375,3.375,3.0,4.375,4.0,3.625,3.75,5.625,5.25,5.75,4.75,4.25,5.25,6.125,5.25,7.5,5.625,5.375,6.75,6.375,6.625,7.0,8.75,8.0,8.5,7.0,9.5,8.375,8.875,11.375,10.5,12.625,10.625,11.75,13.25,12.875,13.75,16.0,15.125,14.375,17.0,15.0,17.5,19.625,17.25,18.375,19.875,23.125,23.875,25.125,23.125,30.375,28.5,30.0,35.625,38.0,49.625,48.625,58.375,63.25,62.0,76.25,80.0,94.125,103.0,109.625,130.625,155.25,209.875,281.75,414.875
0.13,1.0,1.0,1.5,1.25,1.25,1.0,1.625,1.5,1.25,2.0,2.0,2.0,1.75,2.0,2.625,2.625,1.5,2.5,2.0,2.875,2.75,2.625,3.625,2.25,3.125,3.375,3.5,4.375,4.125,3.375,3.25,3.125,4.5,3.625,4.375,2.875,4.875,5.875,4.5,5.25,5.75,6.0,8.375,5.375,6.125,7.875,6.875,7.25,5.75,8.25,7.375,8.625,8.0,9.125,9.875,9.125,10.875,10.875,9.875,10.0,10.375,9.625,8.875,11.875,13.625,12.25,14.375,14.375,13.0,16.625,16.0,15.875,16.625,15.625,21.625,21.25,23.5,24.75,30.375,28.75,28.75,29.875,37.625,38.875,37.875,48.0,44.5,56.0,61.625,60.625,68.75,84.75,101.125,91.0,117.75,134.25,161.375,213.25,261.375,399.75
0.14,1.0,1.0,1.0,1.375,1.125,1.375,1.125,1.5,2.125,1.875,1.875,1.875,1.75,1.625,1.75,1.625,1.75,2.125,1.75,1.875,2.0,2.5,2.375,3.125,2.25,3.125,3.0,3.5,2.625,3.0,4.25,3.0,4.375,4.75,3.25,4.625,3.5,4.25,4.125,4.5,5.75,6.0,4.625,6.375,5.125,6.25,6.625,6.625,6.125,7.5,7.25,7.125,6.875,8.0,10.0,8.5,10.125,7.5,9.375,8.75,8.25,9.375,10.75,10.5,12.875,15.25,13.75,16.875,14.75,15.125,15.0,17.5,15.625,19.125,22.0,22.875,23.25,24.75,23.125,28.875,29.375,32.875,33.125,34.5,34.125,42.75,42.0,55.75,63.125,62.5,77.875,80.875,79.0,101.625,112.25,148.75,165.0,215.125,263.125,371.75
0.15,1.0,1.125,1.0,1.5,1.125,1.125,1.125,1.375,1.75,2.0,1.875,1.625,1.875,1.75,1.5,2.375,1.375,1.875,2.25,2.375,2.125,2.75,1.75,3.625,3.75,3.625,3.75,3.25,3.5,3.875,3.0,3.25,4.25,4.125,4.25,5.625,4.375,6.0,6.0,5.625,5.75,4.125,5.0,4.75,5.5,5.125,6.125,6.25,6.375,5.875,7.75,7.125,7.25,9.25,9.0,10.375,7.5,8.375,9.25,9.125,11.875,11.75,11.75,12.375,13.625,9.875,11.75,13.375,18.625,16.375,16.5,16.375,17.75,17.5,20.875,20.5,23.125,24.125,22.5,29.5,28.375,34.25,33.125,35.875,40.375,40.25,45.875,49.0,55.875,57.625,69.625,77.25,91.625,99.0,124.75,139.75,175.5,212.125,274.25,380.125
0.16,1.0,1.125,1.25,1.375,1.0,1.125,1.25,1.375,1.625,2.125,1.0,1.375,1.875,1.875,2.125,3.0,2.0,2.5,2.0,2.875,2.875,2.875,2.875,2.75,2.125,3.125,2.75,3.25,4.5,2.25,4.5,2.5,4.125,3.25,4.5,3.5,4.875,4.125,4.625,4.125,5.625,5.25,5.875,5.5,6.625,6.5,5.75,7.125,6.375,7.25,7.0,8.375,6.75,8.125,8.0,8.875,8.125,9.5,8.125,9.125,8.5,9.625,11.625,10.125,13.0,10.625,11.875,13.5,13.375,17.75,16.5,17.375,19.125,17.25,21.5,20.375,20.25,21.0,23.75,28.25,27.25,29.5,37.0,37.25,41.125,40.625,48.875,51.125,53.625,63.0,75.0,75.75,91.625,95.0,122.875,129.125,165.25,218.875,262.75,374.0
0.17,1.0,1.0,1.125,1.375,1.5,1.375,1.25,1.625,1.125,2.125,1.5,2.375,1.625,2.25,1.75,2.0,1.625,2.125,2.125,2.75,3.125,2.875,2.375,1.75,3.0,3.0,3.25,3.75,2.5,2.375,4.0,3.0,3.625,3.625,4.125,5.5,4.0,4.625,4.875,5.5,5.375,4.25,6.5,5.0,5.0,6.375,6.0,7.5,6.75,8.5,6.5,7.625,6.75,7.75,7.125,9.125,10.375,10.25,8.125,9.5,9.5,11.625,10.125,13.0,10.75,12.75,12.875,12.125,13.75,14.25,16.0,13.625,15.125,15.75,19.0,20.25,23.125,25.25,23.375,22.875,30.875,31.75,36.125,36.25,36.625,41.875,48.0,44.75,50.375,55.875,68.75,74.0,88.75,106.25,116.25,141.625,164.625,218.625,281.0,340.125
0.18,1.0,1.0,1.125,1.125,1.125,1.5,1.375,1.25,1.125,1.25,1.875,1.375,1.375,1.625,1.375,1.625,1.5,2.375,2.5,2.5,2.125,2.875,2.875,3.125,2.875,2.375,3.875,3.375,3.375,4.375,4.0,3.625,4.25,4.0,4.125,4.25,3.0,3.875,5.75,3.875,3.5,3.625,5.25,4.875,5.5,6.0,7.0,6.125,6.25,6.25,6.25,6.375,9.125,8.5,7.75,9.375,8.875,9.25,8.75,9.5,11.625,9.375,8.25,10.625,10.125,11.75,11.625,14.875,16.0,14.75,13.25,15.25,17.125,17.75,20.125,20.75,20.0,22.875,28.0,24.0,26.75,29.0,33.875,30.625,35.625,41.125,49.375,50.0,51.25,56.125,69.5,74.75,84.625,93.75,114.25,132.0,133.875,197.75,272.125,361.75
0.19,1.0,1.125,1.125,1.125,1.125,1.25,2.125,1.125,1.875,1.5,2.375,1.25,1.75,1.75,1.5,2.0,2.5,3.25,2.875,2.25,2.125,2.125,2.625,2.875,2.0,3.875,3.75,3.875,3.0,3.0,3.125,3.625,4.375,4.375,3.875,4.375,4.5,5.0,4.125,5.125,4.875,4.875,5.75,4.125,5.125,6.625,4.625,6.5,5.875,7.625,7.5,6.5,7.625,7.75,7.625,6.0,8.375,9.25,9.125,8.375,11.5,11.5,11.875,12.5,12.0,11.875,10.125,15.25,14.375,15.0,17.625,17.5,17.75,17.25,18.125,19.75,24.375,21.75,27.25,27.0,29.625,29.75,32.0,33.5,37.25,44.25,45.375,47.75,55.375,57.625,65.375,76.375,79.875,91.125,108.625,146.0,160.25,204.625,253.5,350.0
0.2,1.0,1.25,1.125,1.0,1.25,1.25,1.0,1.125,2.375,1.5,1.75,2.125,1.625,1.75,2.5,1.875,1.875,2.0,2.375,2.625,2.375,2.375,2.25,2.75,3.125,2.375,3.5,2.25,3.75,3.875,3.125,4.875,4.375,3.375,4.625,5.875,4.75,4.625,3.25,5.5,5.0,6.25,5.375,6.0,4.875,5.5,6.125,5.625,4.75,6.125,5.625,7.5,8.5,7.0,8.0,8.75,7.75,10.0,10.0,9.125,10.5,8.625,10.875,12.875,12.5,10.875,12.875,15.5,13.75,13.875,14.125,15.625,17.75,17.625,18.75,21.375,22.375,25.375,22.75,24.625,30.25,30.375,26.25,34.75,32.875,42.0,50.875,41.5,64.75,62.625,76.5,78.875,78.875,94.625,105.875,135.125,152.75,199.25,256.375,393.625
0.21,1.0,1.25,1.375,1.0,1.125,1.625,1.25,1.5,1.375,1.375,2.125,2.0,1.375,1.75,2.125,1.75,1.5,1.875,2.625,2.875,2.5,2.5,3.0,2.625,3.625,3.875,2.25,3.625,3.0,3.5,4.0,4.125,4.625,5.0,3.625,4.25,3.875,5.0,5.375,5.125,4.875,5.5,4.875,6.375,5.125,5.5,5.625,6.5,7.125,7.625,5.75,9.125,6.125,6.625,7.375,8.625,7.75,8.5,9.25,7.5,10.375,8.875,10.5,12.25,9.5,13.625,12.125,12.25,12.75,16.625,16.875,15.0,17.75,18.0,17.875,21.375,18.875,24.875,26.125,26.375,27.625,30.125,32.25,34.375,38.0,35.0,45.5,45.0,49.75,63.75,64.125,77.25,85.25,94.75,107.625,124.0,163.0,190.25,250.625,326.625
0.22,1.0,1.25,1.0,1.125,1.25,1.25,1.875,1.25,1.375,1.5,1.125,2.0,2.625,1.625,1.875,3.0,2.125,2.125,2.625,1.875,2.0,2.75,2.625,2.625,2.25,3.0,3.0,3.0,3.25,3.25,3.5,3.625,3.5,2.625,3.125,3.375,4.0,4.0,4.25,5.75,5.375,4.375,7.25,5.375,5.375,4.75,4.875,6.375,7.0,6.625,5.75,6.25,6.625,8.375,9.0,7.125,7.875,7.375,10.375,10.125,8.125,8.875,12.25,13.0,10.25,13.25,11.25,10.75,14.625,14.125,15.0,17.5,17.5,19.875,19.0,16.625,19.5,21.0,24.25,24.5,25.625,25.875,25.875,35.875,35.875,40.25,42.125,41.125,51.125,57.0,71.75,75.0,83.5,80.375,107.75,126.375,169.625,196.25,250.375,349.125
0.23,1.0,1.0,1.25,1.0,1.125,1.375,1.375,1.5,2.375,1.875,1.375,1.375,1.625,1.625,1.75,2.25,1.625,2.0,2.375,3.0,3.375,2.25,2.375,2.625,1.875,2.875,2.375,2.5,2.375,4.125,3.375,4.0,3.125,4.125,4.5,4.5,2.5,2.875,4.625,3.625,4.375,5.625,4.125,5.375,6.375,4.375,5.375,5.875,5.125,6.75,8.25,7.25,8.125,8.875,10.0,7.25,9.75,7.125,8.5,9.125,8.875,9.625,11.625,10.5,12.875,8.75,12.75,12.25,13.375,13.25,17.25,15.75,18.125,16.25,20.125,23.5,19.625,21.125,21.5,24.875,26.5,24.5,30.875,34.875,36.125,36.25,42.875,44.375,55.625,52.25,63.375,75.0,82.25,98.25,101.375,128.375,163.125,198.125,263.75,320.125
0.24,1.0,1.0,1.0,1.0,1.125,1.125,1.75,1.25,1.25,1.125,1.5,1.625,2.0,1.75,1.625,1.25,1.625,2.5,2.0,1.875,2.375,3.0,2.75,2.625,2.875,2.125,3.375,3.5,2.75,4.0,2.625,2.75,3.375,4.5,4.5,3.375,4.5,3.25,4.0,3.875,4.125,5.0,3.875,5.25,6.25,5.5,5.875,5.125,5.5,5.75,5.75,6.0,6.125,7.25,6.375,8.75,6.75,8.375,8.25,8.375,10.875,10.125,9.5,10.125,11.75,11.625,12.625,11.375,13.5,12.75,12.625,14.25,18.0,15.625,17.625,19.625,20.75,19.375,21.125,25.25,28.875,27.625,29.125,38.25,35.625,36.75,46.5,40.75,52.625,56.375,60.25,69.625,85.75,92.5,94.0,131.125,155.375,185.5,238.75,384.375
0.25,1.0,1.125,1.25,1.125,1.5,1.25,1.25,1.5,1.25,1.5,1.125,1.75,1.75,1.625,2.5,1.875,2.125,2.375,2.125,2.75,1.625,2.0,3.25,3.625,2.25,2.125,4.25,2.5,3.375,3.5,3.25,3.0,3.375,2.125,3.25,4.75,2.875,3.625,3.625,4.625,4.875,3.625,4.875,4.875,4.5,4.25,5.375,5.375,5.0,5.875,6.375,7.75,6.75,7.5,7.375,6.875,8.125,6.75,8.0,8.375,10.25,7.75,9.875,8.75,10.625,11.375,12.25,12.125,12.875,13.625,15.125,14.25,13.875,15.75,19.25,18.25,21.375,22.125,25.375,23.0,29.25,28.0,31.125,30.625,31.375,33.5,41.125,43.5,45.625,61.375,69.5,60.875,76.5,96.75,107.75,119.625,134.875,194.125,240.625,328.125
0.26,1.0,1.125,1.0,1.125,1.125,1.5,1.0,1.25,1.125,1.875,2.375,1.875,2.0,2.375,2.0,2.375,2.75,2.375,2.375,2.75,2.125,2.75,2.625,2.25,2.25,2.75,3.125,2.75,2.75,3.625,3.375,2.625,4.125,4.125,3.25,3.125,4.125,3.25,4.875,4.75,4.75,4.875,5.25,4.875,5.5,5.0,4.75,6.75,5.25,6.375,5.375,6.5,6.5,7.0,6.75,7.625,7.875,8.375,9.375,9.125,10.375,8.875,10.25,8.125,12.25,9.75,11.375,12.375,12.75,15.0,16.625,16.5,15.25,17.0,14.125,18.625,18.125,20.625,20.625,27.625,26.625,24.625,29.375,33.375,34.75,36.0,42.375,43.875,47.375,50.875,57.625,65.5,66.125,90.125,106.0,127.125,131.625,190.25,230.875,322.125
0.27,1.0,1.25,1.125,1.375,1.0,1.375,1.25,1.375,1.75,1.375,1.625,1.5,1.625,1.625,1.875,1.75,1.875,2.0,2.125,2.0,3.25,2.75,2.625,2.75,2.375,3.0,2.375,2.875,2.5,2.875,3.5,3.25,3.25,3.25,3.125,3.5,4.125,3.875,4.0,4.0,4.75,4.75,4.625,5.5,4.25,5.75,4.125,5.375,4.375,5.375,7.5,5.125,8.75,6.125,6.0,9.0,7.75,7.75,7.75,10.875,8.625,11.5,10.125,10.25,10.125,11.0,12.0,12.375,12.75,14.5,16.125,14.625,16.625,15.75,19.25,18.25,20.875,21.625,21.25,23.125,25.625,25.0,28.75,27.125,35.875,36.25,41.25,48.5,45.0,54.0,60.875,61.5,78.0,91.5,97.375,126.5,150.25,188.125,222.375,334.0
0.28,1.0,1.0,1.125,1.0,1.5,1.125,1.875,1.0,1.25,1.375,1.875,1.875,1.5,2.5,1.875,2.125,2.0,2.25,1.375,1.875,2.25,1.875,2.75,2.375,3.125,2.375,2.25,3.125,2.875,2.625,2.75,3.0,3.625,4.0,2.875,4.0,4.25,3.375,4.0,4.875,3.625,5.5,5.0,4.625,4.625,4.625,4.25,5.75,5.0,7.875,6.125,5.875,8.75,7.0,7.625,7.0,7.25,9.0,7.5,9.375,7.625,10.25,10.75,10.25,9.75,11.25,13.0,14.875,11.125,12.375,14.0,16.5,13.875,18.0,15.375,18.875,17.875,21.0,20.5,20.625,24.75,26.0,29.0,32.125,33.125,39.0,37.625,47.5,46.875,55.375,58.625,64.75,74.625,88.875,106.125,125.625,155.75,182.875,238.625,314.5
0.29,1.0,1.0,1.25,1.0,1.625,1.0,1.625,1.125,2.125,1.375,1.875,1.875,1.375,1.5,1.625,2.0,1.375,2.125,1.5,1.75,1.875,2.375,2.0,2.375,2.375,2.5,2.625,3.0,3.625,2.875,3.375,3.5,3.25,3.25,3.25,3.375,4.25,3.875,5.125,4.625,4.375,5.125,3.625,5.0,5.125,5.5,5.0,5.0,6.0,4.75,5.375,7.5,7.5,6.625,6.125,7.125,9.375,8.125,7.875,9.25,9.75,8.0,9.5,9.375,9.125,9.5,10.375,12.875,11.375,14.0,12.25,15.5,14.5,17.625,18.25,16.625,19.0,21.5,24.0,24.0,24.375,25.875,28.0,27.625,32.0,36.0,35.0,41.625,49.375,57.625,64.0,61.125,79.875,93.0,94.125,120.875,141.0,167.75,255.5,355.5
0.3,1.0,1.0,1.0,1.25,1.125,1.375,1.375,1.75,1.125,1.625,1.875,1.625,1.625,2.0,1.875,1.625,1.375,2.25,1.75,2.125,2.25,2.0,2.25,2.125,3.875,3.375,2.5,2.5,2.625,2.375,2.625,4.25,2.75,4.125,3.75,3.75,3.125,3.875,4.75,5.0,4.25,4.75,4.0,4.125,5.25,5.875,4.375,5.0,5.25,6.0,6.375,4.75,7.0,6.75,7.375,6.75,8.375,8.75,8.0,8.0,8.5,10.875,8.875,11.75,10.875,11.25,9.125,11.75,12.875,12.375,15.25,13.75,16.25,15.375,16.125,18.25,19.375,23.25,19.375,23.125,23.625,25.5,27.125,33.0,31.875,37.25,38.25,39.875,44.875,49.875,54.875,62.375,76.625,85.125,91.75,124.625,140.0,173.875,219.125,306.75
0.31,1.0,1.0,1.125,1.75,1.0,1.5,1.5,1.5,1.875,1.125,1.125,1.375,1.625,1.75,1.75,1.875,2.0,1.75,2.25,2.125,2.125,2.0,2.5,2.25,2.375,3.0,2.75,2.625,2.75,3.875,2.75,2.625,3.0,3.25,3.125,3.625,4.875,3.375,4.0,4.5,4.25,4.375,4.625,4.5,3.625,3.625,5.25,6.125,4.125,5.375,6.0,6.125,5.375,5.0,8.375,7.25,9.125,7.5,7.875,8.25,7.75,8.75,10.0,10.0,8.5,10.5,9.75,11.25,11.75,13.5,12.75,14.25,15.375,17.125,17.125,17.125,19.5,18.5,20.0,26.75,23.125,24.75,31.875,30.75,28.0,34.25,36.75,42.25,46.875,50.375,50.75,64.375,69.75,80.25,105.375,112.25,117.5,167.75,207.625,316.5
0.32,1.0,1.125,1.25,1.125,1.25,1.5,1.25,1.25,1.125,1.125,1.375,1.5,1.375,2.125,1.625,2.0,2.25,2.75,1.75,2.125,2.25,2.25,2.0,2.125,1.75,1.875,3.25,3.25,3.375,2.375,3.625,3.875,2.625,2.75,2.5,3.375,3.625,4.0,3.375,4.0,4.875,4.875,4.75,5.625,5.875,6.0,6.375,5.75,5.125,6.25,5.25,6.125,7.25,6.375,5.625,5.875,7.0,8.25,8.5,7.75,9.125,9.625,9.5,10.125,10.125,10.625,9.5,12.375,11.75,12.375,14.75,13.125,14.125,14.375,17.5,16.625,16.625,18.75,21.375,21.0,23.625,23.0,23.625,29.75,28.25,33.5,38.25,36.375,47.0,53.5,50.0,54.5,69.5,85.75,88.375,102.75,132.5,166.0,217.25,287.0
0.33,1.0,1.0,1.125,1.0,1.125,1.125,1.375,1.125,1.5,1.75,1.75,1.25,1.625,1.875,1.75,2.125,2.125,1.625,2.125,1.75,2.5,2.0,2.0,2.25,3.5,1.875,2.5,2.0,2.25,2.625,2.5,3.375,4.0,4.25,3.625,3.375,3.5,4.375,4.75,4.75,5.625,5.5,5.875,3.625,4.75,4.625,5.375,4.75,5.25,5.5,6.5,5.125,5.5,6.0,7.125,6.0,7.75,8.0,6.375,7.5,9.5,10.875,9.5,10.0,10.0,8.625,12.5,12.375,11.875,12.75,11.75,15.0,16.375,14.875,13.0,17.375,19.125,18.625,20.25,20.125,22.625,26.5,26.25,25.125,29.0,27.875,36.375,42.0,44.875,46.875,57.25,61.625,71.0,78.0,84.125,117.875,138.125,173.375,211.5,289.625
0.34,1.0,1.0,1.0,1.375,1.25,1.375,1.375,2.0,1.875,1.5,1.375,1.625,1.75,1.375,1.625,1.5,1.375,2.0,2.125,2.375,1.625,2.5,2.125,2.125,2.75,3.5,3.125,2.5,3.25,3.625,2.75,3.375,2.625,4.125,2.75,2.625,3.5,4.125,3.75,3.75,4.875,3.375,3.5,5.0,5.75,4.25,4.75,5.0,6.0,6.0,4.875,6.0,6.875,7.5,6.75,6.625,8.75,8.375,7.75,8.0,6.625,7.375,8.75,8.375,10.25,10.75,8.875,12.5,13.25,11.75,11.25,15.625,14.875,13.125,14.625,18.75,17.75,19.625,19.875,21.375,26.0,23.5,24.875,26.875,29.875,33.375,34.625,45.375,41.0,51.0,51.625,58.125,74.125,75.25,96.625,106.375,129.875,157.375,216.125,295.0
0.35,1.0,1.0,1.0,1.125,1.25,1.375,1.5,1.625,1.375,1.375,1.75,1.75,1.875,1.5,2.0,1.75,1.875,1.75,1.875,2.125,1.75,2.875,2.0,1.75,2.125,2.875,2.75,2.5,2.875,2.875,2.875,2.75,4.125,2.5,2.375,2.75,4.375,4.75,3.75,4.0,4.25,4.5,4.875,4.375,3.875,5.5,5.625,6.25,6.125,5.75,5.625,7.0,7.5,7.25,6.125,7.625,7.125,7.125,7.75,8.375,8.75,7.75,8.25,9.25,10.25,10.375,10.375,10.625,12.75,10.375,11.75,12.625,17.25,15.875,15.75,13.5,15.375,21.125,20.0,21.125,22.875,22.75,26.75,30.0,32.5,34.75,37.25,38.375,38.0,52.875,49.5,67.875,66.875,82.0,92.625,102.125,123.25,172.125,209.625,300.5
0.36,1.0,1.0,1.0,1.25,1.5,1.25,1.375,1.125,1.375,1.5,1.375,1.125,1.25,1.375,1.875,2.25,2.0,2.125,1.25,1.75,2.5,2.625,2.125,2.25,2.125,3.25,1.75,2.875,2.625,3.125,1.75,2.5,3.375,4.5,3.375,4.5,4.125,2.375,4.125,3.5,4.0,4.75,4.5,5.25,4.5,4.125,5.25,5.5,4.375,4.875,5.0,6.625,6.625,5.625,6.875,6.625,7.5,5.625,6.125,9.0,8.125,9.25,7.5,8.25,9.25,8.625,10.375,9.875,13.0,11.5,13.625,12.0,14.75,15.125,13.375,15.875,18.375,20.25,18.625,18.75,19.625,23.5,23.75,29.25,28.125,34.625,35.625,39.5,44.875,49.0,48.125,65.125,66.75,85.375,91.75,109.375,125.625,158.5,216.375,276.0
0.37,1.0,1.0,1.125,1.0,1.0,1.375,1.625,1.125,1.125,1.5,2.0,1.5,1.875,1.75,1.25,1.875,1.625,2.375,2.0,2.125,2.25,1.75,2.375,2.5,2.375,4.0,3.0,2.625,3.25,2.875,2.375,3.5,2.875,3.0,2.75,4.25,3.625,3.125,4.125,3.125,3.75,3.375,4.625,4.0,6.0,5.375,4.0,5.625,5.0,6.25,5.0,5.125,6.0,5.875,5.875,6.0,6.5,7.375,6.75,6.375,6.625,7.875,9.0,8.875,8.5,11.375,12.625,9.75,12.75,11.5,14.5,12.875,11.75,14.25,15.0,14.5,15.0,20.0,19.125,25.125,21.75,20.0,27.75,27.0,25.25,29.75,38.5,33.0,39.875,48.0,52.375,58.375,62.125,68.375,89.5,97.125,128.625,173.0,212.75,291.625
0.38,1.0,1.25,1.0,1.0,1.0,1.25,1.75,1.5,1.0,1.75,1.5,2.375,1.25,1.875,1.625,2.5,2.125,2.125,2.0,2.25,2.875,2.0,2.625,2.375,2.0,2.875,2.5,2.75,2.875,3.0,2.75,2.625,4.0,3.5,3.375,3.625,4.25,3.25,4.375,3.375,4.5,5.375,3.125,3.875,3.5,5.625,4.0,4.625,6.125,6.25,4.875,4.875,5.5,5.75,6.625,6.0,6.5,6.625,8.375,6.125,8.75,9.0,10.25,9.25,10.625,8.0,10.0,9.25,14.25,10.0,12.0,12.5,11.625,11.875,14.125,16.5,19.625,15.375,20.875,18.875,21.25,26.5,23.75,26.25,30.25,33.5,32.25,38.75,39.25,42.75,47.5,51.125,63.5,76.5,87.875,91.75,118.875,144.125,182.0,276.5
0.39,1.0,1.125,1.0,1.125,1.125,1.375,1.0,1.375,1.375,1.375,1.625,1.625,2.0,1.875,2.125,1.875,2.0,2.625,2.375,2.0,1.75,2.5,2.0,2.625,3.0,3.0,1.875,2.25,3.0,4.25,3.125,3.5,2.75,1.875,3.75,3.25,3.25,3.75,3.75,4.0,3.625,4.0,4.0,5.5,4.875,4.625,3.5,6.0,5.375,6.0,4.5,5.0,5.375,5.875,5.75,5.0,6.0,7.25,7.625,7.25,8.5,8.125,8.125,7.625,9.375,9.875,8.75,9.625,10.875,11.875,12.0,11.75,12.375,14.375,16.5,17.0,14.75,18.25,18.125,20.125,17.875,21.125,24.125,26.125,29.375,32.25,36.75,38.25,39.875,49.75,46.875,54.25,60.25,71.0,92.0,93.125,132.5,171.5,201.0,272.25
0.4,1.0,1.125,1.0,1.0,1.5,1.375,1.25,1.375,1.25,1.125,1.125,1.625,1.875,1.375,1.875,1.375,2.125,1.625,2.25,1.625,2.0,2.375,2.0,1.5,1.5,2.375,2.125,3.25,2.5,3.125,3.0,2.25,3.625,2.5,2.125,4.25,3.375,2.375,4.0,5.5,3.625,4.625,4.75,4.25,4.375,5.0,4.125,4.25,3.75,4.625,7.5,5.0,5.75,6.5,7.125,6.375,6.5,6.375,8.5,6.875,7.375,7.75,7.875,10.5,7.75,9.625,8.625,9.875,11.75,10.875,11.25,13.625,12.625,13.375,12.75,14.875,14.875,21.625,15.625,18.5,21.25,21.625,26.375,24.625,32.125,28.0,32.5,33.0,40.5,48.25,53.75,55.375,67.0,75.125,97.125,101.875,133.125,164.125,172.625,243.125
0.41,1.0,1.125,1.125,1.125,1.125,1.5,1.625,1.125,1.375,1.125,1.5,1.125,1.875,1.25,1.5,1.625,1.375,1.75,1.25,1.75,2.5,2.25,2.25,2.25,2.5,2.375,2.375,2.375,2.5,2.5,3.5,3.125,2.375,3.125,2.25,3.625,3.5,2.875,3.875,3.625,3.75,3.75,4.625,4.75,4.0,5.125,4.625,4.25,4.875,6.25,5.125,4.75,6.0,5.625,6.625,5.125,5.625,6.25,6.875,7.625,8.0,7.75,11.5,8.875,9.125,9.375,6.875,9.875,10.375,11.625,9.5,12.0,11.875,11.125,14.625,14.625,13.25,16.875,17.25,16.375,17.875,20.0,20.375,25.375,30.375,34.125,29.875,34.875,43.75,42.625,41.375,50.0,61.0,81.375,78.625,100.0,125.625,160.0,194.75,279.0
0.42,1.0,1.0,1.0,1.0,1.0,1.125,1.25,1.125,1.25,1.625,1.75,1.625,1.125,1.125,2.0,1.25,1.625,2.875,2.125,1.875,1.375,2.0,2.75,1.875,2.0,2.0,2.5,2.5,2.5,2.375,3.125,3.125,3.0,2.75,2.75,2.5,3.375,4.0,2.625,4.5,3.375,4.0,3.875,4.0,5.0,3.0,5.5,3.75,5.625,5.75,5.625,4.875,3.125,5.0,6.375,6.625,5.5,6.875,7.0,7.875,7.625,7.0,8.125,9.875,9.25,9.625,9.375,8.625,10.0,9.5,12.125,11.125,11.875,12.5,13.625,13.625,17.375,17.125,16.875,17.875,14.75,24.0,21.375,22.5,20.75,28.375,30.625,32.375,40.125,42.125,43.5,48.75,57.875,71.625,76.75,99.5,110.25,138.0,201.875,250.5
0.43,1.0,1.0,1.0,1.25,1.125,1.375,1.0,1.25,1.125,1.5,1.375,1.375,1.375,1.625,1.75,1.625,2.125,2.125,2.625,2.375,2.625,2.375,2.875,2.75,1.875,1.625,2.375,2.875,2.875,2.5,2.875,3.0,3.25,3.25,2.375,2.875,2.375,2.75,3.75,3.375,3.5,4.375,3.5,4.0,4.75,4.5,3.5,4.875,5.625,6.0,5.125,6.0,5.75,5.375,5.0,6.125,5.875,6.875,6.75,6.0,7.625,5.625,8.875,8.5,8.875,8.875,9.375,9.5,10.125,10.875,10.125,11.375,11.75,12.625,15.375,15.125,15.125,17.25,14.625,17.875,20.125,21.25,22.75,25.125,24.625,27.75,36.5,32.75,38.125,42.625,44.625,51.625,54.875,65.25,80.375,99.125,119.875,134.125,175.125,257.375
0.44,1.0,1.0,1.125,1.375,1.25,1.25,1.25,1.25,1.125,1.5,1.5,1.625,1.375,1.625,2.125,1.75,1.5,1.75,1.875,1.5,2.125,2.0,2.0,2.125,1.75,2.875,2.125,2.625,2.875,2.0,2.875,2.375,3.25,2.875,3.375,4.5,2.5,2.625,2.25,3.125,4.25,5.0,4.25,4.875,3.625,4.5,5.125,4.125,4.5,5.625,5.0,3.875,4.5,6.5,5.75,5.0,7.375,6.375,6.625,6.375,7.75,6.75,9.125,8.125,7.75,8.625,8.625,9.875,9.125,12.625,11.125,14.0,10.0,13.125,13.75,12.875,13.625,17.25,15.5,19.875,19.375,21.625,23.25,21.5,27.25,30.0,30.0,36.125,39.875,42.5,46.25,51.875,66.5,71.625,81.125,82.25,115.375,148.875,195.25,266.0
0.45,1.0,1.0,1.0,1.0,1.0,1.125,1.25,1.5,1.375,1.0,1.625,1.625,1.75,1.625,1.625,1.25,1.75,1.75,2.25,1.625,2.25,1.75,1.875,1.875,2.0,2.0,2.125,3.75,2.5,2.875,2.75,2.625,3.0,3.0,2.75,2.625,3.375,3.875,3.375,2.875,3.75,4.125,4.375,4.0,4.0,4.25,5.0,4.0,4.125,5.125,4.5,6.0,4.5,4.625,6.0,5.75,4.75,6.125,6.75,6.625,6.5,6.375,6.75,7.375,11.25,7.625,10.75,8.25,9.625,11.625,10.875,12.375,12.5,13.625,13.375,14.625,15.25,17.0,14.625,20.375,19.0,20.25,20.625,26.625,26.75,28.125,31.375,30.875,37.75,41.875,44.0,47.375,62.125,64.875,79.0,81.5,98.75,148.125,173.25,271.25
0.46,1.0,1.0,1.125,1.25,1.0,1.25,1.0,1.125,1.375,1.25,1.125,1.625,1.25,1.125,2.0,2.125,1.5,1.75,1.5,1.375,1.375,1.625,1.625,1.75,2.625,2.625,2.5,3.0,1.875,3.5,3.0,3.125,3.375,3.0,3.625,3.375,2.5,2.875,2.625,3.0,3.25,4.75,3.375,4.125,4.5,4.125,3.625,4.375,4.625,6.125,4.0,4.5,5.875,5.625,6.25,5.75,5.0,6.0,7.125,6.5,7.25,7.625,6.125,6.5,7.375,8.75,8.25,11.375,9.5,9.0,10.0,12.5,10.0,11.25,15.625,13.0,14.25,14.75,17.375,16.5,17.875,20.125,20.75,21.125,27.75,26.125,25.875,31.0,37.125,45.25,40.0,47.625,60.125,67.875,75.25,91.625,116.625,123.0,178.5,272.875
0.47,1.0,1.0,1.0,1.0,1.375,1.125,1.125,1.125,1.125,1.875,1.75,1.625,1.125,1.5,1.625,1.75,1.25,2.0,2.125,1.5,1.375,2.625,2.375,2.375,2.125,2.375,1.875,2.5,2.625,2.625,2.625,3.125,2.375,3.25,2.625,3.125,3.375,3.625,3.75,4.125,3.625,3.75,3.125,4.75,4.375,5.25,4.625,4.375,5.5,4.5,4.875,4.75,4.375,5.25,5.0,5.25,6.875,7.875,5.875,6.625,5.875,7.0,6.375,7.0,7.0,8.375,7.625,9.0,8.625,8.0,10.125,11.875,10.25,13.25,12.25,12.75,13.75,15.625,14.375,19.0,15.625,21.25,20.125,26.875,24.25,29.75,31.375,31.375,40.25,38.375,43.125,50.5,60.5,56.625,69.5,85.5,104.0,128.375,184.125,231.875
0.48,1.0,1.0,1.0,1.0,1.125,1.125,1.375,1.75,1.0,1.625,1.25,1.375,1.625,1.75,1.625,1.5,1.75,1.625,1.5,1.625,1.25,1.625,1.625,2.25,2.25,2.125,2.75,2.375,2.5,2.125,2.0,2.75,3.75,2.75,2.875,3.0,3.375,2.875,3.875,3.125,4.125,3.625,3.25,3.5,3.375,5.375,3.75,5.75,5.25,5.0,4.5,5.5,4.625,5.5,5.875,5.625,5.0,5.375,6.5,7.25,6.625,6.5,6.25,6.25,7.0,7.625,8.875,8.125,8.625,9.375,12.375,11.25,12.0,12.625,14.0,13.0,11.875,14.75,14.25,17.625,17.625,20.375,21.0,22.0,25.25,26.125,30.5,30.25,32.0,42.5,45.625,51.875,54.625,70.25,72.75,92.125,103.125,124.625,175.25,235.75
0.49,1.0,1.0,1.125,1.25,1.0,1.125,1.125,1.5,1.375,1.5,1.125,1.375,1.125,1.25,1.5,1.75,1.5,2.0,1.625,2.375,1.875,2.5,1.875,3.125,1.75,1.875,2.875,2.625,2.5,2.375,2.75,3.375,4.375,2.75,3.0,2.75,2.875,3.5,2.875,2.5,3.375,3.5,3.375,3.625,3.75,4.375,4.375,4.75,5.0,5.875,4.5,3.875,4.25,4.25,5.125,4.875,5.5,6.625,6.25,5.25,7.375,6.5,7.875,8.5,7.0,7.5,8.625,8.875,9.125,10.375,11.375,11.625,9.25,13.125,13.0,14.125,12.5,14.0,14.5,16.375,18.75,19.875,22.125,19.25,23.375,24.75,30.125,32.0,32.625,41.25,40.375,48.625,55.375,57.375,70.0,80.125,95.0,133.0,166.625,239.25
0.5,1.0,1.0,1.125,1.0,1.125,1.25,1.0,1.375,1.625,1.375,1.25,1.5,1.75,1.5,1.125,1.75,1.75,1.25,1.875,1.875,1.625,1.75,1.375,1.25,2.0,2.0,2.375,1.75,2.25,2.125,1.75,2.625,2.375,3.0,3.25,3.0,2.5,3.5,3.375,4.125,2.75,3.75,4.0,3.0,4.5,4.5,4.0,3.75,3.0,4.0,3.5,4.875,4.625,4.75,5.5,6.125,5.875,7.0,5.75,6.0,6.375,6.0,6.5,7.125,8.875,8.375,8.5,9.125,9.125,7.5,10.125,10.5,10.875,10.0,12.75,9.5,13.75,13.875,16.375,15.0,17.375,20.125,18.5,21.25,23.0,22.875,34.375,32.875,36.125,42.25,42.5,50.625,50.5,63.25,68.75,96.125,106.5,132.125,162.875,213.625
0.51,1.0,1.0,1.0,1.125,1.25,1.625,1.125,1.375,1.375,1.0,1.25,1.5,1.125,1.125,1.625,1.5,1.75,1.25,1.375,1.625,1.625,1.375,2.125,1.625,1.625,2.875,2.5,1.625,1.875,3.5,3.375,3.25,2.625,3.125,3.0,2.0,2.625,3.625,3.875,3.125,4.125,4.25,3.5,3.625,4.375,4.25,3.5,4.0,4.375,4.125,4.75,4.25,4.5,5.5,4.375,5.875,5.375,6.875,6.5,6.125,7.75,6.75,6.25,6.25,9.0,7.0,8.5,9.0,8.625,9.75,11.125,9.25,12.125,10.625,11.625,13.75,11.375,16.375,14.5,16.125,14.875,20.125,20.25,19.375,22.125,24.625,27.0,30.875,32.75,36.375,41.5,42.0,55.875,55.75,68.125,74.5,105.0,124.375,153.875,223.625
0.52,1.0,1.0,1.0,1.375,1.5,1.125,1.125,1.25,1.5,1.125,1.625,1.75,1.125,1.625,1.125,1.5,1.875,1.5,1.875,1.875,1.375,2.5,1.25,2.0,2.375,1.625,2.0,2.0,2.625,2.875,2.375,2.25,3.125,2.375,2.75,2.875,2.625,3.125,3.375,3.125,3.125,3.5,3.125,2.5,3.375,3.875,3.5,4.25,3.75,3.875,5.125,4.0,4.625,4.625,4.375,5.875,4.5,6.375,5.25,5.875,9.0,5.875,6.25,8.125,7.75,6.75,7.5,6.75,8.5,8.875,8.75,9.625,11.125,9.25,12.375,11.25,13.625,11.625,14.75,16.625,16.875,19.375,18.5,20.125,21.125,23.0,24.5,30.0,31.5,39.0,35.75,44.25,49.0,58.5,72.375,83.125,97.5,117.0,141.125,230.375
0.53,1.0,1.125,1.0,1.125,1.375,1.0,1.375,1.0,1.375,1.625,1.5,1.375,1.625,1.5,1.25,1.375,1.75,1.625,1.5,1.125,2.25,2.875,2.0,2.125,2.25,2.0,1.875,1.75,1.625,2.25,1.625,3.125,3.25,2.875,2.875,3.875,2.5,2.875,3.25,2.75,2.875,3.125,2.875,3.625,3.625,3.75,4.375,4.875,4.375,3.5,4.75,4.625,4.875,5.25,5.125,4.875,4.875,4.5,5.25,6.875,5.75,6.5,7.625,8.0,7.125,9.125,7.75,9.625,8.875,9.25,9.125,12.0,10.625,9.5,10.625,16.0,11.25,15.125,13.625,14.0,17.375,15.875,20.25,19.25,21.5,24.875,27.625,31.75,31.875,34.75,39.25,44.0,52.25,63.25,63.625,77.375,97.875,111.75,142.875,219.25
0.54,1.0,1.0,1.0,1.125,1.125,1.5,1.25,1.125,1.375,1.125,1.375,1.25,1.125,1.25,1.125,1.375,1.5,2.0,1.5,1.75,1.75,2.625,1.5,1.75,2.125,2.75,2.375,2.75,2.25,3.0,2.625,2.5,2.625,3.5,4.0,2.625,3.125,2.875,3.0,2.75,3.0,3.25,2.0,4.25,4.375,3.5,3.625,3.125,4.5,4.875,4.375,4.125,4.75,5.0,4.0,4.875,4.875,5.875,5.5,6.0,6.0,6.875,5.875,5.5,7.5,7.125,6.125,6.625,8.25,8.625,8.875,9.125,9.875,8.875,10.125,12.125,11.5,14.0,11.25,14.25,16.125,17.125,20.625,21.25,20.625,21.75,26.5,28.625,34.125,33.5,40.0,44.125,52.625,51.875,71.25,86.0,90.0,114.125,154.375,221.125
0.55,1.0,1.0,1.125,1.0,1.25,1.0,1.125,1.25,1.125,1.5,1.0,1.125,1.25,1.625,1.375,1.625,2.25,1.875,1.875,1.75,2.5,1.375,2.375,2.0,1.875,1.5,2.375,2.125,2.0,2.625,2.875,2.875,2.125,2.625,2.125,2.75,2.75,4.375,3.25,3.125,2.5,3.25,4.5,3.625,4.875,3.25,3.25,3.75,4.125,4.5,3.25,3.625,4.375,3.875,5.0,4.75,5.5,6.75,6.125,5.375,6.125,6.875,5.125,6.875,6.375,8.25,7.25,7.5,8.0,8.625,9.0,9.75,9.125,10.125,11.875,13.0,11.375,11.25,11.875,13.625,15.5,15.25,20.5,19.75,18.5,23.375,27.75,30.25,32.125,36.625,35.375,39.25,55.0,54.5,62.125,73.875,96.5,106.125,139.5,224.875
0.56,1.0,1.0,1.0,1.0,1.25,1.25,1.25,1.75,1.25,1.375,1.625,1.25,1.5,1.75,1.5,1.375,1.375,2.125,1.5,1.5,1.625,1.75,1.875,1.375,1.875,2.375,2.375,2.125,1.5,2.5,1.875,3.0,3.0,2.875,2.5,2.5,2.75,2.625,3.0,3.375,2.75,3.0,3.375,3.0,2.875,4.625,4.5,2.875,3.375,5.25,3.75,5.125,4.375,4.875,7.25,4.375,4.25,6.0,6.625,6.25,5.0,5.75,6.75,5.125,6.5,7.25,8.875,7.875,8.875,9.875,8.0,8.375,8.875,10.5,9.75,11.375,10.625,12.625,11.875,15.875,16.25,13.125,18.375,19.0,20.625,24.875,27.875,25.125,34.25,29.125,36.875,40.5,43.25,52.875,59.125,69.75,86.75,112.0,123.75,189.875
0.57,1.0,1.0,1.0,1.0,1.0,1.0,1.25,1.0,1.25,1.25,1.25,1.5,1.25,1.5,1.25,1.25,1.5,1.625,1.625,1.5,2.625,1.75,2.0,1.75,1.5,2.5,1.75,1.875,1.75,1.875,2.5,2.625,1.75,2.75,2.75,2.75,2.75,2.75,3.125,3.5,3.25,3.125,3.375,2.75,3.0,3.25,4.5,3.875,4.0,4.25,3.625,5.25,5.875,4.875,4.75,4.0,6.625,6.375,6.0,4.125,6.125,5.5,6.125,6.25,6.875,7.5,7.25,7.625,8.625,8.25,8.125,10.625,9.375,8.625,10.5,11.5,11.75,13.5,12.0,14.625,14.125,17.75,15.5,17.375,20.875,24.125,25.375,27.0,28.75,32.75,32.875,39.75,45.25,49.25,61.75,76.25,89.5,110.5,144.875,193.5
0.58,1.0,1.0,1.0,1.375,1.25,1.0,1.25,1.5,1.0,1.5,1.375,1.375,1.125,1.375,1.375,1.625,1.375,1.375,1.375,2.125,1.25,1.75,1.375,1.75,2.25,2.25,2.5,2.25,1.75,2.0,2.0,2.625,2.375,2.25,2.875,2.625,2.75,2.25,3.75,2.125,2.5,3.375,3.5,4.375,4.75,3.25,3.875,4.0,4.625,3.625,3.125,5.25,3.375,4.875,5.25,4.25,4.875,5.375,4.625,4.875,4.375,6.5,6.875,6.25,5.875,6.5,10.0,8.25,7.75,6.875,7.625,8.25,9.0,7.5,8.375,11.625,11.75,14.75,13.125,17.25,14.875,14.0,14.25,20.75,18.75,21.25,25.25,22.0,27.125,32.125,30.625,39.5,48.125,46.875,60.25,69.0,86.875,111.5,137.75,189.0
0.59,1.0,1.0,1.0,1.0,1.5,1.25,1.125,1.125,1.0,1.375,1.25,2.125,1.125,1.375,1.75,1.375,1.875,1.5,1.5,1.375,2.25,2.0,1.875,1.75,1.75,1.875,2.625,2.25,1.25,1.875,1.875,2.25,2.0,2.25,2.625,2.75,2.75,1.75,2.5,3.125,3.5,3.125,2.875,4.125,3.75,3.75,2.875,4.75,4.25,4.0,4.375,4.125,4.0,4.25,5.0,4.5,5.0,4.125,5.75,4.75,6.25,5.625,5.5,6.625,6.625,6.25,6.5,7.0,6.875,9.625,9.0,7.875,10.625,9.75,11.0,10.875,10.625,12.875,12.75,13.875,15.625,13.875,16.625,20.75,22.0,22.25,25.125,26.125,25.625,30.625,34.125,37.875,42.625,48.875,53.25,73.5,75.125,95.125,144.875,188.375
0.6,1.0,1.0,1.0,1.125,1.25,1.0,1.25,1.0,1.25,1.0,1.25,1.25,1.5,1.875,1.5,1.875,1.625,1.25,1.625,1.375,1.375,1.5,2.125,2.75,1.875,1.625,2.625,1.5,2.625,2.0,2.75,2.125,2.25,2.375,1.875,3.875,3.0,2.875,2.5,3.0,3.125,3.125,3.125,3.5,3.25,4.0,2.625,3.375,3.125,3.0,3.375,3.75,4.0,4.0,5.5,4.25,4.75,3.875,6.875,5.375,5.375,5.75,7.625,6.25,5.125,6.875,6.5,7.375,7.625,7.875,8.75,7.75,10.0,11.25,10.125,11.5,13.0,10.875,10.75,16.25,15.625,14.125,15.625,17.25,18.25,21.75,22.5,24.5,28.75,30.375,37.5,40.375,41.75,52.0,59.5,72.625,80.625,100.5,120.25,184.625
0.61,1.0,1.0,1.0,1.125,1.0,1.125,1.125,1.125,1.25,1.375,1.25,1.375,1.125,1.875,1.0,1.625,1.375,1.25,1.375,1.5,1.5,2.375,2.0,1.75,2.25,2.125,1.25,1.875,1.5,2.875,2.125,2.375,3.125,2.25,2.125,2.75,2.5,2.75,2.75,3.125,3.0,3.0,2.625,3.5,3.25,3.625,3.375,3.375,3.5,3.0,3.625,3.625,3.5,4.5,4.5,5.375,5.625,5.25,3.625,5.25,5.875,6.5,5.75,5.125,5.875,7.125,7.625,5.75,7.125,5.75,8.5,9.375,8.375,9.625,9.5,10.375,10.25,13.125,11.125,14.625,12.75,14.5,18.0,15.5,19.625,20.375,19.125,26.125,25.5,29.125,32.25,36.125,35.0,53.625,59.875,66.5,85.75,96.75,119.375,173.375
0.62,1.0,1.0,1.125,1.125,1.125,1.25,1.25,1.125,1.25,1.375,1.125,1.25,1.125,1.5,1.125,1.375,1.375,1.625,2.0,1.375,1.375,1.5,2.5,2.0,2.0,2.5,1.625,1.25,2.0,1.875,2.375,2.125,2.875,2.75,2.625,2.125,3.125,2.375,2.5,2.875,2.875,2.625,3.25,3.625,3.375,3.125,3.625,3.0,3.375,2.875,4.25,2.625,3.875,4.125,3.625,4.375,4.5,4.75,3.25,5.25,5.0,5.25,4.5,5.5,5.625,7.0,6.25,8.25,8.125,7.875,6.25,8.625,8.375,10.125,9.125,9.375,12.0,10.25,10.875,9.75,17.25,12.5,17.5,14.75,18.625,20.375,19.625,22.75,27.625,24.5,37.125,34.25,42.25,46.0,56.0,57.625,83.625,103.25,126.375,176.5
0.63,1.0,1.0,1.125,1.25,1.0,1.25,1.125,1.0,1.25,1.25,1.5,1.0,2.125,1.375,1.125,1.5,1.625,1.75,2.125,1.375,2.0,1.625,1.75,2.25,2.125,1.875,1.625,1.75,1.5,1.625,1.875,1.75,2.0,1.75,3.0,2.625,1.625,2.875,2.625,2.625,3.375,2.625,2.875,2.875,3.125,2.25,2.875,3.25,4.875,3.625,5.25,2.75,5.0,3.75,4.5,4.375,4.125,4.5,3.25,5.375,5.5,4.5,5.375,4.125,6.875,5.25,7.0,8.75,6.375,6.625,7.875,8.125,8.875,10.125,8.625,9.5,13.375,11.875,12.375,11.625,13.875,13.5,14.375,17.5,18.125,17.25,20.0,21.375,24.75,28.125,31.625,37.75,42.0,46.75,46.0,53.75,71.875,85.625,121.75,159.75
0.64,1.0,1.125,1.0,1.0,1.25,1.25,1.0,1.25,1.375,1.5,1.125,1.0,1.125,1.125,1.25,1.625,1.625,1.625,1.375,1.875,2.0,2.375,1.625,1.875,1.375,2.625,2.375,1.375,2.375,2.25,1.75,2.125,1.875,1.875,2.625,1.75,2.75,2.625,2.875,1.875,2.625,3.125,2.75,2.75,2.75,3.5,2.75,3.375,3.5,4.0,4.625,3.5,4.25,3.625,3.75,3.75,5.125,4.625,4.125,4.0,4.375,4.625,5.5,5.875,5.375,7.125,6.25,7.0,7.875,6.75,7.625,8.25,7.375,7.625,8.375,8.875,10.25,10.5,11.5,13.125,13.625,13.125,14.5,15.25,17.5,19.5,20.375,22.625,26.875,27.0,31.875,31.125,40.125,44.625,46.0,58.5,78.0,91.375,120.25,170.0
0.65,1.0,1.125,1.0,1.125,1.0,1.375,1.25,1.0,1.375,1.125,1.625,1.875,1.5,1.25,1.375,1.625,1.5,1.25,1.625,1.375,1.625,2.125,1.25,1.5,1.625,1.375,2.125,1.875,2.5,1.375,2.0,1.625,1.875,1.875,2.375,2.125,3.0,2.375,2.375,2.75,2.75,3.5,2.875,2.125,3.0,3.875,2.75,2.875,3.25,3.0,2.375,4.0,4.25,3.5,3.5,5.0,4.0,4.875,5.625,4.625,4.625,5.625,5.75,4.125,6.5,6.0,6.0,6.75,5.75,6.5,7.25,6.5,6.875,8.75,9.5,10.0,9.75,11.875,12.0,11.75,12.5,13.625,13.625,16.625,15.25,15.25,18.75,20.625,25.75,26.5,31.0,36.25,41.125,38.375,52.125,59.375,70.25,82.25,120.0,174.5
0.66,1.0,1.0,1.125,1.25,1.0,1.0,1.125,1.375,1.0,1.25,1.25,1.5,1.375,1.625,1.25,1.625,1.875,1.375,1.0,1.75,1.5,2.0,1.375,1.75,1.375,1.625,2.625,1.75,1.875,1.875,2.25,2.375,2.0,2.375,2.0,2.625,2.375,1.75,1.75,3.375,2.5,2.5,2.875,3.625,3.625,3.625,2.5,4.125,4.25,3.5,3.875,3.375,3.75,4.875,2.75,4.125,4.5,6.0,4.25,5.625,4.0,6.375,5.5,4.875,5.875,5.375,5.625,6.5,7.875,6.125,7.25,10.875,8.5,6.375,6.5,10.875,9.125,10.375,9.875,12.25,13.25,14.625,16.0,15.5,14.25,20.5,17.75,23.75,21.0,24.625,31.875,38.375,34.125,42.0,43.75,60.625,57.5,83.375,115.125,147.5
0.67,1.0,1.0,1.125,1.0,1.25,1.0,1.125,1.25,1.125,1.125,1.375,1.5,1.25,1.375,1.375,1.25,1.625,1.375,2.0,1.625,1.5,1.25,1.75,1.875,1.875,1.25,2.125,1.875,1.75,2.125,2.125,2.0,2.375,2.125,3.0,1.5,2.0,3.25,3.125,2.5,2.125,2.875,2.25,2.75,3.125,3.0,2.75,3.25,3.375,3.75,2.375,4.625,3.5,4.25,4.0,4.0,4.25,4.375,3.75,3.875,5.75,4.375,5.0,5.25,4.875,6.625,6.125,5.625,7.0,7.0,7.375,7.875,9.5,7.75,8.625,9.0,9.0,10.0,8.625,10.25,13.5,11.5,15.125,14.0,18.0,15.375,19.25,19.375,21.75,28.0,30.875,36.875,35.5,42.0,43.875,54.625,72.25,79.75,96.5,144.625
0.68,1.0,1.0,1.125,1.0,1.125,1.25,1.25,1.0,1.25,1.0,1.25,1.625,1.375,1.25,1.125,1.25,1.625,1.75,1.25,1.5,1.125,1.375,2.0,1.625,2.0,2.25,1.5,1.625,2.125,2.25,1.875,2.0,2.25,2.125,1.5,1.75,2.25,2.375,2.125,3.125,2.125,2.125,3.625,3.125,3.125,2.625,2.625,3.375,4.5,3.5,3.125,3.125,3.5,4.0,4.375,3.25,4.25,4.375,5.125,4.25,3.875,4.75,5.0,5.125,4.375,5.25,6.375,6.375,6.125,7.75,8.25,6.625,8.125,8.0,7.75,7.875,8.0,10.75,12.0,11.0,12.25,12.375,15.875,16.0,13.625,17.5,17.125,20.0,25.375,23.125,23.25,30.875,37.25,33.375,48.625,51.0,64.875,83.625,108.625,139.0
0.69,1.0,1.0,1.0,1.0,1.125,1.625,1.125,1.375,1.125,1.25,1.25,1.25,1.25,1.125,1.5,1.125,1.25,1.875,1.375,1.75,1.5,1.375,2.25,2.125,1.625,1.625,1.625,2.0,1.5,2.75,1.875,2.25,1.75,2.0,2.375,2.0,2.375,2.25,2.125,2.5,2.5,2.0,2.375,2.125,2.375,2.75,3.0,2.375,3.375,2.25,4.125,2.875,3.0,3.0,3.125,3.375,2.375,4.75,5.125,4.125,4.625,4.625,5.125,5.5,6.125,5.625,5.625,6.5,6.75,6.5,8.25,7.75,6.25,7.375,7.5,8.625,11.75,10.125,10.5,9.375,9.375,12.75,11.5,15.5,15.875,14.75,20.125,21.125,21.0,26.125,24.5,32.0,32.625,37.75,39.0,53.875,60.25,78.625,98.125,138.375
0.7,1.0,1.0,1.125,1.0,1.0,1.25,1.125,1.0,1.125,1.0,1.125,1.125,1.5,1.5,1.125,1.375,1.375,1.375,2.0,1.5,1.375,1.875,1.125,1.5,1.5,2.375,2.125,1.625,2.25,2.375,1.5,1.5,1.75,1.875,1.5,2.75,2.375,2.5,2.25,2.75,2.75,2.375,2.875,2.75,2.375,1.875,3.125,3.125,2.375,2.75,3.25,3.75,3.625,3.25,3.875,3.75,4.0,3.375,4.0,3.625,4.375,6.375,3.625,5.0,5.75,5.375,4.875,4.875,5.75,6.75,5.75,6.125,8.25,6.5,7.375,8.5,6.625,7.875,8.0,13.375,10.75,11.625,11.375,13.125,15.25,16.25,18.75,21.625,20.625,24.625,25.75,29.25,33.375,38.0,37.125,53.25,64.625,74.0,102.5,134.5
0.71,1.0,1.25,1.125,1.0,1.25,1.0,1.125,1.125,1.625,1.375,1.25,1.625,1.375,1.625,1.75,1.0,1.0,1.125,1.375,1.375,1.5,1.5,2.25,1.875,1.75,1.375,1.5,2.0,1.75,1.625,2.0,1.375,2.0,2.125,2.25,2.5,2.5,2.125,2.5,2.25,2.5,2.125,2.75,2.0,3.125,2.25,2.625,3.0,3.625,3.375,3.0,3.125,2.875,3.125,4.0,3.875,4.375,2.875,4.125,3.25,4.25,3.75,4.125,3.125,6.125,4.25,4.75,5.625,5.875,5.5,5.625,7.375,6.25,5.875,8.25,10.0,7.75,9.125,7.875,10.25,10.625,13.875,14.625,13.0,13.625,19.0,13.75,19.0,20.625,20.125,28.25,24.375,33.125,38.625,37.875,48.375,56.25,79.125,97.75,119.5
0.72,1.0,1.0,1.0,1.125,1.25,1.125,1.0,1.0,1.0,1.125,1.375,1.5,1.0,1.125,1.5,1.125,1.375,1.125,1.25,1.25,1.5,1.625,1.75,1.5,1.875,1.25,2.125,2.0,1.5,1.625,1.75,1.625,1.375,1.875,1.5,2.375,2.375,2.0,3.0,1.875,2.375,2.0,2.375,2.625,2.25,2.375,2.625,3.5,2.75,2.5,2.875,3.375,3.875,4.125,3.375,3.125,3.625,3.625,3.5,3.875,3.625,4.25,3.875,5.0,4.75,5.375,5.25,6.375,4.375,6.375,5.625,7.875,7.125,7.125,7.875,8.125,7.5,9.25,10.125,11.875,9.625,11.75,9.75,10.125,14.25,14.875,18.75,18.375,18.875,22.125,23.375,27.875,32.0,34.875,41.875,42.375,55.0,72.25,93.75,122.125
0.73,1.0,1.0,1.25,1.0,1.25,1.25,1.125,1.625,1.375,1.125,1.125,1.125,1.25,1.375,1.625,1.25,1.25,1.0,1.25,1.25,1.5,1.375,1.5,1.75,1.125,1.625,1.625,1.5,1.75,1.625,2.0,2.5,1.75,2.25,2.0,3.0,2.375,2.0,2.625,2.125,2.375,2.0,3.25,2.0,3.0,3.125,3.25,2.125,2.5,3.25,3.0,2.875,2.875,3.75,3.75,3.375,2.75,3.875,5.0,4.25,3.625,4.25,4.625,3.625,3.875,6.375,4.75,6.625,4.875,6.5,5.5,6.875,6.5,5.875,5.625,7.625,7.5,8.0,9.125,10.0,10.875,9.0,10.125,12.75,10.625,16.125,14.75,18.25,20.75,24.0,23.125,27.375,28.875,30.25,42.125,50.0,57.625,75.75,82.625,126.5
0.74,1.0,1.0,1.125,1.0,1.0,1.0,1.0,1.125,1.375,1.125,1.25,1.0,1.5,1.375,1.5,1.25,1.125,1.375,1.875,1.75,1.625,1.375,1.5,1.625,1.5,1.5,1.625,1.375,2.125,1.875,1.375,2.0,2.25,2.375,2.25,1.75,2.375,2.125,2.25,2.75,2.25,2.375,1.875,2.625,2.75,3.0,2.875,3.5,2.75,3.375,3.0,2.875,3.0,2.75,3.25,2.875,4.5,3.5,2.875,3.0,3.5,2.625,3.75,5.625,3.75,4.625,4.875,5.875,4.75,5.5,5.875,7.125,6.125,6.625,7.25,7.25,7.875,7.125,9.375,10.25,10.0,13.875,12.75,11.25,13.5,15.0,13.0,16.875,15.375,20.25,24.875,23.125,28.875,31.375,35.25,41.75,52.25,69.375,80.875,126.0
0.75,1.0,1.125,1.25,1.0,1.0,1.0,1.0,1.125,1.0,1.125,1.375,1.375,1.25,1.25,1.5,1.25,1.625,1.25,1.625,1.25,1.25,1.625,1.75,1.375,2.0,1.25,1.5,1.875,1.375,1.25,1.5,2.125,1.75,1.5,1.75,2.5,1.75,1.875,1.625,2.25,1.25,2.375,2.375,2.75,3.125,2.75,2.75,2.375,3.25,3.25,2.625,3.0,2.5,2.125,3.125,2.875,4.0,4.0,4.75,4.0,3.5,4.5,2.75,5.625,4.875,5.75,5.375,3.875,6.625,4.5,6.25,5.75,6.25,5.5,8.125,6.875,8.125,8.125,8.875,9.75,10.5,9.75,9.625,9.375,9.75,14.625,15.125,16.125,16.0,21.0,23.25,24.75,30.75,29.75,36.25,44.625,51.875,65.625,76.25,118.0
0.76,1.0,1.125,1.0,1.125,1.375,1.0,1.25,1.0,1.0,1.25,1.375,1.375,1.375,1.125,1.5,1.125,1.375,1.25,1.375,1.25,1.375,1.5,2.125,1.0,1.75,1.875,1.5,1.625,1.125,1.875,2.125,1.75,1.5,2.625,1.875,2.125,2.375,2.125,1.875,2.375,2.625,2.125,2.125,1.875,2.375,2.5,3.25,2.5,2.375,2.25,2.0,2.25,3.125,2.5,3.125,2.875,2.875,2.75,4.75,5.25,3.75,3.75,6.125,4.5,4.875,3.75,4.625,5.75,5.0,4.0,5.875,6.25,5.5,7.0,7.0,7.625,7.375,7.625,7.875,8.25,8.0,9.625,12.25,13.125,12.125,14.875,13.125,16.25,17.0,18.75,21.625,21.25,24.25,30.75,35.625,39.625,51.5,61.25,85.375,111.375
0.77,1.0,1.0,1.0,1.0,1.25,1.0,1.125,1.125,1.625,1.0,1.125,1.25,1.25,1.125,1.5,1.125,1.25,1.625,1.5,1.375,1.125,1.375,1.375,1.375,2.0,1.5,1.625,1.875,1.375,1.375,1.25,2.125,1.75,1.625,1.625,1.75,2.625,2.75,2.25,2.125,2.625,2.25,2.25,2.0,2.375,2.25,1.75,2.375,2.875,2.375,3.75,3.375,4.0,2.625,2.625,3.75,3.5,3.25,3.375,5.375,4.5,4.125,3.625,4.5,4.375,4.75,4.75,4.625,5.25,5.25,5.125,5.625,6.125,6.75,6.375,4.75,6.125,7.375,7.25,10.5,8.5,8.125,10.125,10.625,11.75,12.375,11.875,16.75,16.625,18.375,23.25,24.375,25.0,32.0,31.375,38.0,48.875,52.625,75.875,96.25
0.78,1.0,1.0,1.125,1.25,1.0,1.125,1.25,1.125,1.25,1.125,1.5,1.25,1.0,1.0,1.625,1.125,1.125,1.375,1.125,1.75,1.625,1.625,1.25,1.625,1.5,1.625,2.0,1.75,2.0,1.625,1.5,1.5,1.625,1.875,2.875,1.25,2.125,2.25,2.5,1.875,1.75,2.0,2.25,2.375,2.625,2.375,2.0,3.0,2.75,2.75,3.625,2.375,2.25,3.125,3.25,3.875,2.25,3.25,2.875,3.0,3.125,3.125,2.875,3.875,4.125,4.0,4.5,5.75,3.75,4.75,4.625,5.125,6.5,5.875,7.125,6.0,7.5,7.75,7.375,9.25,7.75,8.5,9.875,10.75,12.0,12.625,15.125,13.375,14.75,17.5,21.625,20.125,23.375,27.5,32.5,37.125,41.875,62.0,66.5,105.125
0.79,1.0,1.125,1.0,1.0,1.0,1.0,1.0,1.25,1.125,1.0,1.125,1.25,1.5,1.375,1.125,1.25,1.25,1.5,1.625,1.375,1.25,1.25,1.875,1.25,1.375,1.75,1.375,1.25,1.5,1.625,1.625,1.5,1.375,1.75,1.875,2.25,1.375,2.75,1.625,2.0,2.625,1.875,2.125,1.75,2.375,1.875,2.125,3.25,2.0,2.875,3.375,4.0,2.625,2.5,2.625,2.25,2.375,2.75,2.75,3.5,3.375,4.375,3.25,3.25,3.625,3.25,3.875,3.875,4.25,4.875,5.875,4.875,5.875,5.375,6.125,6.25,8.0,7.75,6.75,7.875,7.625,9.875,9.5,8.125,11.375,13.0,12.5,16.0,14.875,14.125,17.125,18.625,23.875,23.875,30.875,34.625,45.375,59.375,79.0,95.0
0.8,1.0,1.0,1.0,1.0,1.0,1.125,1.0,1.125,1.0,1.25,1.0,1.25,1.375,1.25,1.125,1.125,1.625,1.25,1.875,1.25,1.25,1.375,1.375,1.75,1.125,1.625,1.25,1.125,1.5,1.5,1.75,1.875,1.5,2.125,2.25,1.625,1.75,1.75,1.875,2.0,1.75,1.75,1.625,2.875,2.625,2.25,2.0,2.625,3.0,2.5,2.5,3.625,3.75,2.25,2.375,2.125,2.5,2.875,3.25,3.625,4.125,3.75,4.25,3.25,3.75,4.625,3.5,4.625,3.5,4.375,5.625,6.625,4.875,4.5,5.0,5.375,5.25,7.25,6.375,8.0,7.625,8.375,9.125,10.0,9.25,11.5,12.0,13.625,16.375,16.125,17.125,24.125,24.625,27.625,31.0,33.5,43.5,52.375,74.0,101.125
0.81,1.0,1.0,1.0,1.0,1.0,1.125,1.0,1.0,1.125,1.0,1.125,1.0,1.0,1.125,1.125,1.0,1.25,1.0,1.375,1.75,1.25,1.125,1.625,1.25,1.25,1.375,1.75,1.75,1.625,1.25,1.25,1.625,1.875,1.875,1.75,2.0,1.75,1.5,2.375,1.625,1.625,1.5,2.125,2.625,2.125,2.25,2.625,1.75,2.75,2.0,2.75,3.0,3.0,2.375,2.625,2.75,3.25,3.0,3.375,2.75,3.375,2.75,3.125,2.75,3.125,3.875,4.0,3.875,4.125,5.5,4.625,3.75,4.25,5.5,5.5,5.0,7.25,8.875,7.625,7.875,8.0,9.625,8.625,10.0,9.625,10.625,12.875,12.375,13.75,16.25,16.375,19.375,21.125,27.0,30.625,34.625,37.25,51.25,55.875,87.75
0.82,1.0,1.0,1.0,1.0,1.0,1.0,1.125,1.0,1.375,1.125,1.125,1.25,1.125,1.25,1.25,1.125,1.375,1.375,1.25,1.375,1.375,1.375,1.25,1.25,1.125,1.375,1.125,1.875,1.625,1.625,1.5,1.375,1.625,2.0,1.625,1.5,2.125,2.0,2.0,1.75,1.875,2.0,1.75,2.25,1.75,2.25,2.25,2.5,2.375,1.875,3.125,3.0,3.375,2.0,1.75,1.875,2.5,3.375,3.125,2.625,3.375,3.25,2.875,3.625,4.375,3.125,3.875,3.625,2.375,4.375,3.75,5.125,5.375,6.5,4.625,7.0,5.75,6.5,7.0,8.375,7.25,6.75,10.25,9.5,8.75,9.5,9.375,10.625,12.875,14.375,14.875,20.25,20.5,22.625,28.375,31.75,38.5,50.625,61.0,81.875
0.83,1.0,1.125,1.0,1.0,1.0,1.0,1.0,1.0,1.25,1.0,1.125,1.125,1.125,1.25,1.375,1.375,1.25,1.125,1.5,1.25,1.375,1.25,1.375,1.375,1.25,1.25,1.625,1.5,1.5,1.375,1.125,1.25,1.5,1.625,1.25,1.875,2.0,2.125,1.875,1.875,2.125,2.0,2.0,2.0,2.25,1.625,1.625,2.375,2.75,1.5,2.5,2.0,1.5,2.875,2.75,2.5,2.375,2.75,2.375,3.25,3.25,2.875,3.25,2.875,3.125,3.5,3.25,3.75,3.75,4.375,3.875,5.375,5.375,4.875,5.125,7.0,5.875,6.375,5.625,6.125,7.0,7.125,9.25,8.125,8.625,10.625,10.375,10.875,15.25,14.625,15.25,17.5,17.75,20.375,28.125,33.375,39.5,44.5,55.125,76.25
0.84,1.0,1.0,1.0,1.125,1.0,1.375,1.125,1.125,1.125,1.125,1.0,1.375,1.25,1.25,1.5,1.25,1.25,1.375,1.25,1.25,1.25,1.25,1.125,1.125,1.25,1.125,1.25,1.5,1.5,1.625,1.75,1.0,1.25,1.5,1.375,1.625,1.875,1.75,1.5,2.625,2.0,1.875,2.125,1.5,1.75,2.25,1.875,2.375,2.25,2.25,2.5,2.375,1.75,2.25,2.5,2.75,2.5,2.25,2.875,2.25,3.0,3.75,2.5,3.125,3.0,3.5,2.75,4.125,3.25,4.375,4.75,3.625,4.5,4.375,4.375,4.875,4.625,4.75,5.75,6.375,6.75,6.75,6.875,8.75,8.0,10.5,11.625,12.25,12.25,14.375,15.375,16.5,17.25,22.875,25.0,27.5,35.375,38.625,52.625,77.375
0.85,1.0,1.0,1.0,1.0,1.0,1.0,1.0,1.125,1.25,1.0,1.125,1.125,1.125,1.25,1.375,1.0,1.25,1.375,1.0,1.5,1.375,1.25,1.125,1.125,1.125,1.5,1.5,1.125,1.75,1.5,1.5,1.75,1.5,1.5,2.0,1.75,1.5,1.75,1.875,2.125,1.75,1.375,2.125,1.5,2.0,1.875,2.875,2.125,1.625,2.875,2.625,2.875,3.0,2.5,2.625,3.5,2.75,2.75,2.75,3.0,3.375,3.5,3.125,4.0,3.25,3.5,3.875,3.0,4.375,4.375,4.125,3.875,3.875,4.125,3.5,4.75,6.125,5.5,6.125,5.25,7.375,8.25,8.0,9.0,6.625,10.375,9.5,7.875,11.75,10.25,15.25,15.375,18.0,20.375,25.375,29.375,34.0,37.125,47.25,62.875
0.86,1.0,1.0,1.0,1.0,1.125,1.0,1.0,1.0,1.125,1.5,1.125,1.125,1.25,1.0,1.125,1.125,1.125,1.5,1.125,1.125,1.125,1.25,1.375,1.25,1.125,1.375,1.375,1.5,1.375,1.25,1.375,1.25,1.0,1.125,1.625,1.75,1.625,1.125,2.375,1.75,1.75,1.75,1.375,2.375,1.375,1.875,1.875,2.5,2.625,2.25,3.375,1.75,2.125,2.125,2.125,2.375,2.5,3.25,3.125,3.125,2.25,2.75,2.0,2.875,3.25,3.375,3.25,4.25,3.625,3.125,4.0,4.375,3.625,3.75,5.25,5.0,4.875,5.75,5.875,6.75,5.0,5.625,7.875,5.75,8.0,8.0,10.125,11.875,10.75,11.875,14.625,13.75,18.5,22.375,21.875,21.75,28.75,39.25,49.25,68.125
0.87,1.0,1.0,1.0,1.25,1.0,1.0,1.125,1.25,1.125,1.0,1.0,1.0,1.125,1.125,1.625,1.125,1.5,1.0,1.25,1.0,1.25,1.125,1.0,1.625,1.75,1.125,1.5,1.375,1.375,1.125,1.125,1.25,1.5,1.625,1.25,1.25,1.625,1.625,1.75,1.5,1.375,2.375,1.625,2.25,1.625,2.5,1.75,2.0,1.625,2.25,2.5,1.625,2.625,2.0,2.5,1.875,2.0,2.75,2.125,2.25,2.25,2.0,1.625,2.5,3.125,3.0,4.0,2.625,3.625,3.5,4.375,4.375,3.875,4.25,4.0,4.625,5.375,4.375,6.125,7.125,6.0,7.625,4.75,7.5,6.625,7.625,9.875,9.375,8.625,9.5,13.75,13.25,18.625,18.0,22.5,26.5,29.75,35.125,47.125,64.75
0.88,1.0,1.0,1.0,1.125,1.0,1.0,1.125,1.0,1.125,1.125,1.0,1.25,1.25,1.125,1.125,1.25,1.125,1.375,1.125,1.5,1.5,1.125,1.125,1.125,1.0,1.5,1.125,1.125,1.25,1.25,1.5,1.5,1.375,1.5,1.5,1.5,1.25,1.5,1.75,1.625,1.75,2.0,1.5,1.5,1.625,2.125,1.625,1.375,1.75,1.625,1.875,2.0,2.75,1.875,1.875,2.125,2.125,2.625,1.875,2.5,2.625,2.625,2.0,2.75,3.125,3.75,3.0,3.0,4.375,3.75,4.125,3.875,3.375,4.875,4.25,3.625,4.0,3.5,6.5,5.125,5.375,8.0,5.375,7.0,7.0,6.75,8.125,7.875,10.25,9.25,12.5,13.0,14.875,20.125,19.5,22.25,32.0,33.375,42.0,59.5
0.89,1.0,1.0,1.0,1.125,1.0,1.0,1.0,1.0,1.125,1.25,1.125,1.5,1.0,1.0,1.25,1.125,1.375,1.125,1.25,1.125,1.375,1.125,1.375,1.5,1.0,1.375,1.5,1.25,1.125,1.375,1.5,1.375,1.25,1.625,1.5,1.875,1.5,1.625,1.875,1.25,1.75,1.625,1.5,1.875,1.25,2.25,1.375,1.125,1.625,1.5,1.125,1.75,2.5,1.875,2.625,1.75,2.625,2.625,2.125,2.5,1.625,2.125,2.25,3.375,3.125,3.375,3.375,2.25,2.75,3.375,3.875,3.125,3.0,3.375,3.625,3.625,5.25,3.875,5.875,6.125,5.5,7.125,7.125,5.0,6.25,8.375,6.75,8.375,11.375,11.875,10.125,12.375,13.25,18.0,18.375,17.5,26.25,37.75,42.875,51.125
0.9,1.0,1.125,1.375,1.0,1.125,1.375,1.0,1.125,1.125,1.125,1.0,1.0,1.25,1.0,1.625,1.0,1.25,1.0,1.25,1.25,1.375,1.0,1.375,1.25,1.375,1.25,1.0,1.375,1.25,1.5,1.75,1.125,1.75,1.5,1.375,1.5,1.25,1.375,1.875,1.5,1.5,1.625,1.875,1.875,1.5,1.375,1.75,1.875,1.75,1.625,1.875,2.0,1.75,1.25,2.125,1.625,2.0,1.75,2.25,1.875,2.375,2.5,2.75,2.125,2.625,2.625,3.5,2.75,2.875,3.375,3.75,3.125,2.875,3.5,3.125,3.375,4.5,4.75,5.0,3.5,5.5,5.0,4.875,5.25,7.375,7.5,6.625,8.75,9.125,8.875,11.25,12.25,12.75,13.0,16.625,19.25,21.875,29.125,35.125,47.25
0.91,1.125,1.0,1.0,1.0,1.0,1.125,1.125,1.0,1.125,1.0,1.125,1.125,1.25,1.125,1.25,1.125,1.0,1.375,1.375,1.125,1.375,1.25,1.375,1.375,1.125,1.625,1.25,1.625,1.25,1.0,1.5,1.875,2.0,1.5,1.25,1.625,1.5,1.75,1.625,1.5,1.875,1.5,1.5,1.75,1.5,1.75,1.625,1.375,2.125,1.5,1.75,2.625,2.125,2.875,1.625,2.0,2.125,2.375,2.75,2.25,2.125,2.125,2.0,2.0,2.625,2.625,2.625,2.5,2.875,2.75,3.0,3.25,3.875,3.25,4.625,3.625,3.75,3.75,5.0,4.375,5.625,5.25,5.125,5.625,5.625,6.5,7.75,6.375,10.75,9.0,10.125,12.375,13.25,13.375,16.0,18.625,21.0,25.25,29.5,45.5
0.92,1.125,1.0,1.0,1.25,1.125,1.0,1.0,1.125,1.125,1.25,1.25,1.25,1.0,1.25,1.125,1.125,1.25,1.0,1.125,1.0,1.125,1.125,1.125,1.25,1.375,1.25,1.375,1.125,1.375,1.0,1.25,1.625,1.375,1.0,1.25,1.5,1.375,1.5,1.375,1.375,1.5,1.375,2.25,1.25,2.125,1.875,2.0,1.625,1.5,2.625,1.625,1.625,1.5,2.125,1.375,1.75,2.25,1.25,1.625,2.5,2.25,2.625,1.875,2.875,3.0,2.0,2.125,3.0,2.25,3.25,3.0,2.125,3.0,3.25,3.625,2.625,3.25,4.375,3.375,4.25,4.5,4.625,4.25,5.375,7.625,5.5,6.0,6.25,6.625,10.75,9.125,10.75,11.625,11.75,14.625,17.25,19.375,24.625,29.5,43.75
0.93,1.0,1.125,1.125,1.0,1.0,1.0,1.375,1.125,1.375,1.125,1.25,1.0,1.125,1.25,1.125,1.125,1.0,1.25,1.125,1.0,1.0,1.25,1.375,1.25,1.375,1.125,1.125,1.25,1.0,1.375,1.5,1.5,1.625,1.75,1.125,1.125,1.125,1.5,1.25,1.75,1.625,1.375,1.625,1.5,2.125,1.375,2.0,1.5,2.0,1.875,1.375,2.5,1.625,1.5,1.125,2.0,1.75,1.875,2.5,2.375,2.125,2.625,1.875,3.125,2.125,2.5,2.875,2.375,2.0,2.0,3.375,3.75,2.875,3.125,2.25,2.75,3.375,3.625,3.625,4.5,4.0,4.0,4.5,4.625,5.75,4.625,6.5,6.125,6.0,7.75,7.75,9.125,9.125,10.875,13.375,15.625,17.625,22.625,25.75,31.5
0.94,1.0,1.0,1.0,1.0,1.125,1.0,1.125,1.0,1.125,1.0,1.25,1.0,1.125,1.0,1.375,1.125,1.125,1.125,1.125,1.0,1.375,1.625,1.125,1.0,1.0,1.5,1.375,1.375,1.0,1.25,1.375,1.375,1.5,1.5,1.875,1.25,1.75,1.125,1.625,1.25,1.25,1.625,1.625,2.0,1.625,1.25,1.375,1.375,2.125,1.5,1.625,1.5,2.5,1.625,1.375,1.75,2.0,1.75,2.0,2.0,2.125,1.75,1.375,1.75,2.5,2.5,2.125,2.875,2.25,1.75,2.75,2.125,2.875,3.0,2.875,3.125,3.375,3.0,2.125,4.25,4.375,5.625,3.5,5.0,5.375,5.125,7.125,4.625,5.875,7.0,9.5,7.625,6.5,11.25,13.375,15.5,15.5,19.875,22.25,33.0
0.95,1.0,1.0,1.0,1.375,1.125,1.0,1.0,1.125,1.0,1.0,1.0,1.0,1.25,1.25,1.125,1.25,1.0,1.125,1.0,1.375,1.0,1.0,1.375,1.125,1.125,1.125,1.125,1.0,1.5,1.25,1.25,1.375,1.25,1.375,1.25,1.25,1.125,1.25,1.375,1.25,1.375,1.375,1.625,1.375,1.5,1.75,2.25,1.5,1.375,1.375,1.25,1.75,1.625,1.75,1.875,1.75,2.0,1.875,2.375,2.0,1.5,2.625,2.0,2.125,2.875,1.5,2.375,2.125,2.625,2.75,2.625,2.5,2.75,2.875,3.25,2.25,3.125,3.25,3.5,3.0,3.875,4.5,4.25,3.625,4.625,5.375,5.625,5.25,6.375,5.75,7.125,7.75,7.0,10.875,9.875,13.0,14.875,17.125,18.625,29.125
0.96,1.0,1.0,1.0,1.125,1.125,1.0,1.25,1.0,1.25,1.0,1.0,1.25,1.0,1.125,1.125,1.0,1.25,1.0,1.25,1.25,1.0,1.125,1.125,1.0,1.0,1.0,1.0,1.25,1.25,1.0,1.375,1.125,1.625,1.125,1.375,1.375,1.375,1.125,1.5,1.5,1.0,1.5,1.5,1.25,1.375,1.75,1.625,1.25,1.125,1.625,1.375,1.75,1.625,1.5,1.75,1.875,1.25,2.125,2.0,1.625,1.75,2.5,2.25,2.0,1.875,2.25,2.5,2.875,2.875,2.0,2.25,3.375,3.75,2.625,2.5,2.75,2.125,1.75,3.125,2.375,4.25,3.125,5.0,4.875,3.875,4.25,3.125,4.25,4.875,5.125,5.875,6.75,6.5,8.375,9.75,9.25,11.875,13.5,15.5,22.625
0.97,1.0,1.0,1.125,1.0,1.0,1.25,1.25,1.0,1.0,1.25,1.375,1.125,1.0,1.25,1.25,1.25,1.25,1.25,1.125,1.25,1.25,1.25,1.0,1.0,1.25,1.125,1.0,1.375,1.0,1.25,1.125,1.25,1.125,1.0,1.125,1.125,1.375,1.125,1.125,1.0,1.125,1.25,1.125,1.25,1.375,1.5,1.375,1.375,1.5,1.75,1.25,1.5,1.625,1.75,2.25,1.625,1.625,1.75,1.5,1.375,1.625,1.5,2.375,2.0,2.625,1.375,1.375,2.875,1.625,2.0,2.25,2.125,2.375,1.875,3.125,4.0,2.875,1.75,2.5,2.875,3.0,3.125,4.125,3.625,2.875,4.875,2.75,4.125,3.625,4.375,6.125,5.875,7.625,6.75,6.625,9.0,10.5,9.125,13.125,17.875
0.98,1.125,1.0,1.375,1.125,1.0,1.125,1.125,1.125,1.375,1.125,1.25,1.0,1.25,1.5,1.625,1.125,1.0,1.125,1.25,1.0,1.125,1.25,1.375,1.375,1.25,1.125,1.0,1.25,1.5,1.25,1.125,1.5,1.0,1.375,1.5,1.5,1.625,1.125,1.375,1.25,1.25,1.25,1.375,1.0,1.375,1.125,1.5,1.5,1.75,1.25,1.625,1.25,1.5,1.625,1.25,1.875,1.5,1.75,1.875,1.75,1.25,2.25,2.125,1.875,1.625,1.625,2.125,1.625,1.625,2.0,1.5,1.875,3.0,2.625,1.25,2.5,2.625,2.375,2.375,2.875,2.375,2.5,2.75,2.625,4.0,2.5,3.25,2.75,4.625,4.25,4.625,5.375,4.25,4.25,6.375,7.375,6.875,9.625,10.875,11.5
0.99,1.5,1.125,1.25,1.125,1.5,1.125,1.875,1.0,1.0,1.25,1.25,1.125,1.0,1.0,1.125,1.5,1.125,1.25,1.125,1.375,1.0,1.125,1.625,1.75,1.375,1.25,1.125,1.375,1.25,1.25,1.5,1.0,1.25,1.0,1.25,1.375,1.5,1.25,2.0,1.0,1.125,1.375,1.0,1.375,1.5,1.625,1.375,1.625,1.375,1.5,1.25,1.75,1.5,1.0,1.25,1.625,1.625,1.375,2.0,1.625,1.75,2.0,1.5,1.5,1.75,1.5,1.75,2.5,1.75,2.25,2.25,1.625,2.25,2.0,1.625,2.0,1.875,2.875,2.625,2.125,2.375,2.625,2.625,2.875,2.125,2.625,2.875,3.5,3.125,3.25,3.625,2.75,4.375,4.125,4.0,5.0,4.0,5.875,6.375,5.875
